{
  "box": {
    "x": 38.359375,
    "y": 521.3125,
    "width": 166.921875,
    "height": 40.484375
  }
}